timepoint,well,plant,date,target,exp_group,target_ct,18S_ct,dct,dct_ratio,method
1,A06,30,6,DI72,TBSV,30.95,51.25,-20.3,2.8,leaf_soup
1,A08,13,6,DI72,TBSV,30.415,2.295,28.12,-1.781438074,leaf_soup
1,A10,11,6,DI72,TBSV,18.425,51.16,-32.735,4.937405732,leaf_soup
1,A12,33,6,DI72,TBSV,17.545,1.135,16.41,-0.8205,leaf_soup
1,C04,17,6,DI72,TBSV_DI72,16.57,20.905,-4.335,0.220835456,leaf_soup
1,C06,6,6,DI72,TBSV_DI72,10.915,12.935,-2.02,4.697674419,leaf_soup
1,C08,5,6,DI72,TBSV_DI72,15.77,1.54,14.23,-1.160211985,leaf_soup
1,C12,25,6,DI72,TBSV_DI72,16.41,18.845,-2.435,0.56300578,leaf_soup
2,E02,9,6,DI72,TBSV,17.45,37.075,-19.625,7.461977186,leaf_soup
2,E04,24,6,DI72,TBSV,11.59,16.675,-5.085,4.686635945,leaf_soup
2,E06,18,6,DI72,TBSV,18.8,51.2,-32.4,2.148541114,leaf_soup
2,E08,21,6,DI72,TBSV,29.035,2.465,26.57,-6.441212121,leaf_soup
2,E10,23,6,DI72,TBSV,20.66,51.26,-30.6,2.103092784,leaf_soup
2,E12,8,6,DI72,neg_plt,26.975,15.925,11.05,0.664861613,leaf_soup
2,G02,15,6,DI72,TBSV_DI72,16.125,15.81,0.315,0.100961538,leaf_soup
2,G04,12,6,DI72,TBSV_DI72,15.225,33.52,-18.295,-43.04705882,leaf_soup
2,G06,35,6,DI72,TBSV_DI72,24.425,8.41,16.015,-1.423555556,leaf_soup
2,G08,31,6,DI72,TBSV_DI72,56.85,19.13,37.72,1.074950128,leaf_soup
2,G10,29,6,DI72,TBSV_DI72,17.195,27.84,-10.645,2.116302187,leaf_soup
2,G12,44,6,DI72,neg_plt,24.12,16.515,7.605,0.599054746,leaf_soup
3,A06,32,6,DI72,neg_plt,23.8,13.46,10.34,0.837246964,leaf_soup
3,A10,1,6,DI72,TBSV,22.035,20.18,1.855,-1.134556575,leaf_soup
3,A12,36,6,DI72,TBSV,15.32,20.495,-5.175,4.123505976,leaf_soup
3,C02,7,6,DI72,TBSV,25.38,3.855,21.525,-1.305732484,leaf_soup
3,C04,28,6,DI72,TBSV_DI72,23.805,2.17,21.635,-1.612746925,leaf_soup
3,C06,3,6,DI72,TBSV_DI72,19.685,16.19,3.495,-0.273046875,leaf_soup
3,C10,19,6,DI72,TBSV_DI72,20.165,19.275,0.89,-0.06148532,leaf_soup
3,C12,2,6,DI72,TBSV_DI72,17.52,33.87,-16.35,2.713692946,leaf_soup
3,E02,26,6,DI72,TBSV_DI72,16.675,28.555,-11.88,2.179816514,leaf_soup
2,G09,3,4_9,DI72,TBSV_DI73,20.225,14.15,6.075,-607.5,agro
3,E05,24,4_9,DI73,TBSV,100,20.62,79.38,-176.4,agro
3,C01,19,4_9,DI73,TBSV,100,18.1,81.9,-140,agro
1,G07,27,3_23,DI73,TBSV_DI72,100,13.02,86.98,-119.1506849,agro
1,G06,27,3_23,DI72,TBSV_DI72,100,14.375,85.625,-117.2945205,agro
3,E02,5,4_9,DI73,TBSV,100,20.925,79.075,-79.87373737,agro
1,G02,41,8_10,DI72,TBSV_DI73,100,18.28,81.72,-51.55835962,agro
3,A10,5,3_23,DI72,TBSV,100,14.94,85.06,-50.48071217,agro
3,A11,5,3_23,DI73,TBSV,100,15.075,84.925,-50.40059347,agro
1,E12,26,3_23,DI73,TBSV,100,14.915,85.085,-42.64912281,agro
1,C12,26,3_23,DI72,TBSV,100,16.18,83.82,-42.01503759,agro
2,A08,10,3_23,DI73,TBSV,100,16.46,83.54,-37.46188341,agro
1,C03,43,8_10,DI73,TBSV,100,16.215,83.785,-37.32071269,agro
2,G03,23,3_23,DI73,TBSV_DI72,100,15.505,84.495,-36.03198294,agro
1,E02,7,4_9,DI72,TBSV_DI73,100,17.56,82.44,-33.85626283,agro
1,E05,54,8_10,DI72,TBSV_DI72,100,19.11,80.89,-33.21971253,agro
3,G06,29,8_1,DI73,TBSV_DI73,100,29.18,70.82,-31.33628319,agro
1,C09,22,8_10,DI73,TBSV,37.01,25.565,11.445,-30.52,agro
1,A11,22,3_23,DI73,TBSV,30.96,13.225,17.735,-30.31623932,agro
3,E06,24,4_9,DI72,TBSV,30.81,17.375,13.435,-29.85555556,agro
3,C11,15,4_9,DI72,TBSV_DI73,28.53,16.03,12.5,-29.76190476,agro
1,E05,18,4_9,DI72,TBSV_DI73,100,17.75,82.25,-23.73737374,agro
1,C07,20,4_9,DI72,TBSV,100,16.23,83.77,-21.13002901,agro
3,A09,24,8_10,DI73,TBSV,38.8,17.41,21.39,-19.44545455,agro
3,C11,19,3_23,DI73,TBSV,100,18.82,81.18,-19.28266033,agro
1,G08,2,8_10,DI72,TBSV_DI73,100,22.97,77.03,-17.0420354,agro
2,C09,19,8_10,DI73,TBSV,100,16.51,83.49,-16.698,agro
1,C12,2,4_9,DI72,TBSV,100,20.27,79.73,-15.43659245,agro
1,A10,22,3_23,DI72,TBSV,23.895,15.085,8.81,-15.05982906,agro
1,G02,23,4_9,DI72,TBSV_DI73,100,19.895,80.105,-15.00093633,agro
1,G09,31,4_9,DI72,TBSV_DI73,100,17.735,82.265,-14.650935,agro
3,E05,42,8_1,DI72,TBSV_DI72,15.985,15.21,0.775,-14.09090909,agro
3,E03,5,4_9,DI72,TBSV,31.93,18.66,13.27,-13.4040404,agro
1,C07,15,3_23,DI72,TBSV,100,20.68,79.32,-12.83495146,agro
3,A07,16,3_23,DI72,TBSV,30.605,15.97,14.635,-12.50854701,agro
2,A05,na,8_1,DI72,neg_ctrl,36.13,100,-63.87,-12.29451396,agro
1,C10,31,3_23,DI72,TBSV,100,18.01,81.99,-11.17791411,agro
3,A04,32,4_9,DI72,TBSV_DI73,20.585,17.06,3.525,-11.015625,agro
2,E02,22,4_9,DI72,TBSV_DI73,30.995,15.57,15.425,-10.18151815,agro
3,G02,50,8_1,DI72,TBSV_DI73,17.27,16.995,0.275,-9.166666667,agro
1,E05,32,3_23,DI72,TBSV_DI72,16.135,19.17,-3.035,-9.127819549,agro
3,E01,19,4_9,DI72,TBSV,21.55,16.32,5.23,-8.94017094,agro
3,C11,3,8_1,DI72,TBSV_DI72,16.935,9.93,7.005,-8.439759036,agro
2,C10,29,4_9,DI72,TBSV,21.315,14.32,6.995,-8.427710843,agro
1,A09,51,8_1,DI73,TBSV,29.425,16.095,13.33,-7.304109589,agro
1,C02,43,8_10,DI72,TBSV,32.475,18.09,14.385,-6.407572383,agro
3,E05,49,8_1,DI72,TBSV_DI73,26.37,12.62,13.75,-6.223127404,agro
3,G08,7,8_10,DI72,TBSV_DI73,28.99,1.81,27.18,-5.960526316,agro
1,G09,2,8_10,DI73,TBSV_DI73,18.265,17.475,0.79,-5.721518987,agro
3,A08,12,8_1,DI72,TBSV,30.94,17.41,13.53,-5.68487395,agro
2,A09,10,8_10,DI73,TBSV,34.115,18.91,15.205,-5.243103448,agro
3,A08,24,8_10,DI72,TBSV,17.025,11.34,5.685,-5.168181818,agro
2,C05,48,8_10,DI72,TBSV_DI73,27.155,15.98,11.175,-4.478957916,agro
2,G02,14,4_9,DI72,TBSV_DI73,29.59,17.01,12.58,-3.823708207,agro
2,A07,25,4_9,DI72,TBSV,26.75,18.115,8.635,-3.628151261,agro
2,A11,46,8_1,DI72,TBSV,25.21,14.685,10.525,-3.623063683,agro
1,C11,12,8_10,DI72,TBSV_DI72,17.1005,15.125,1.9755,-3.376923077,agro
2,C07,12,3_23,DI72,TBSV,29.955,17.565,12.39,-3.353179973,agro
2,E05,30,4_9,DI72,TBSV_DI73,19.9,15.05,4.85,-3.255033557,agro
3,C10,19,3_23,DI72,TBSV,31.385,18.755,12.63,-3,agro
1,A07,12,4_9,DI72,TBSV,31.105,18.095,13.01,-2.718913271,agro
3,G06,11,4_9,DI72,TBSV,23.865,17.265,6.6,-2.65060241,agro
2,C03,8,8_10,DI73,TBSV_DI73,19.285,17.095,2.19,-2.390410959,agro
1,C09,43,8_1,DI73,TBSV,26.925,17.905,9.02,-2.139976275,agro
2,C02,8,8_10,DI72,TBSV_DI73,29.11,18.97,10.14,-1.936962751,agro
1,E05,13,8_1,DI72,TBSV_DI72,16.265,16.855,-0.59,-1.903225806,agro
1,C02,18,8_1,DI72,TBSV,16.1005,13.99,2.1105,-1.773529412,agro
1,C06,26,8_1,DI73,TBSV,30.515,19.87,10.645,-1.743652744,agro
1,A11,3,8_10,DI72,TBSV_DI73,17.5,15.76,1.74,-1.731343284,agro
2,C08,19,8_10,DI72,TBSV,29.4,21.205,8.195,-1.639,agro
2,G02,23,3_23,DI72,TBSV_DI72,19.485,15.67,3.815,-1.626865672,agro
1,C08,22,8_10,DI72,TBSV,17.21,16.665,0.545,-1.453333333,agro
1,G05,14,8_10,DI72,TBSV_DI73,22.875,18.575,4.3,-1.405228758,agro
2,E08,44,8_10,DI72,TBSV_DI72,16.535,12.125,4.41,-1.274566474,agro
2,C02,24,8_1,DI72,TBSV_DI73,21.11,16.235,4.875,-1.194852941,agro
2,E05,49,8_10,DI72,TBSV_DI72,16.185,12.57,3.615,-1.185245902,agro
1,A09,38,8_10,DI73,TBSV_DI73,25.38,18.91,6.47,-1.112055641,agro
3,H03,25,8_10,DI73,TBSV_DI73,20.31,16.29,4.02,-1.082089552,agro
1,A08,51,8_1,DI72,TBSV,16.525,14.73,1.795,-0.983561644,agro
3,A05,na,8_10,DI72,neg_ctrl,36.14,100,-63.86,-0.919907808,agro
2,C07,17,4_9,DI72,TBSV,22.375,17.97,4.405,-0.886317907,agro
2,C06,48,8_10,DI73,TBSV_DI73,18.825,15.99,2.835,-0.880070547,agro
1,A05,na,8_1,DI72,neg_ctrl,37.155,100,-62.845,-0.86136239,agro
1,A05,na,8_10,DI72,neg_ctrl,37.67,100,-62.33,-0.849153639,agro
2,G03,25,8_10,DI73,TBSV_DI73,20.25,16.26,3.99,-0.832080201,agro
2,A05,na,8_10,DI72,neg_ctrl,40.34,100,-59.66,-0.812778856,agro
3,H02,25,8_10,DI72,TBSV_DI73,22.25,18.82,3.43,-0.788505747,agro
3,C03,32,8_10,DI73,TBSV,35.825,24.265,11.56,-0.784602076,agro
2,E02,11,3_23,DI72,TBSV_DI72,16.27,16.875,-0.605,-0.75625,agro
3,C11,1,8_10,DI72,TBSV_DI73,28.365,23.27,5.095,-0.737871108,agro
2,G02,25,8_10,DI72,TBSV_DI73,22.08,19.67,2.41,-0.725903614,agro
1,C08,43,8_1,DI72,TBSV,17.4,14.72,2.68,-0.635824437,agro
3,C08,33,8_10,DI72,TBSV_DI73,27.375,17.51,9.865,-0.621613106,agro
1,G03,30,8_1,DI73,TBSV_DI73,24.57666667,19.05666667,5.52,-0.606280193,agro
1,E03,28,3_23,DI73,TBSV_DI72,28.68,17.82,10.86,-0.597605893,agro
2,C11,17,8_1,DI72,TBSV_DI72,16.335,17.09,-0.755,-0.594488189,agro
2,A11,26,8_10,DI72,TBSV,15.535,17.29,-1.755,-0.589915966,agro
2,G06,21,3_23,DI72,TBSV_DI72,19.72,17.47,2.25,-0.588235294,agro
2,A10,2,3_23,DI72,TBSV,20.52,18.51,2.01,-0.552957359,agro
1,A12,14,8_1,DI73,TBSV,27.26,18.99,8.27,-0.538694075,agro
3,E06,15,8_10,DI73,TBSV_DI72,34.825,24.22,10.605,-0.495992456,agro
3,C07,20,3_23,DI72,TBSV,19.27,18.095,1.175,-0.480572597,agro
2,E03,39,8_10,DI73,TBSV_DI72,29.67,18.075,11.595,-0.460112117,agro
3,H09,16,8_10,DI73,TBSV_DI73,26.54,17.04,9.5,-0.444210526,agro
3,C09,13,8_10,DI73,TBSV,29.32,13.29,16.03,-0.442919526,agro
2,C06,34,8_1,DI73,TBSV_DI73,29.66,19.335,10.325,-0.442615012,agro
3,G09,7,8_10,DI73,TBSV_DI73,32.72,22.09,10.63,-0.4289746,agro
3,E11,18,8_10,DI72,TBSV_DI72,17.605,19.1005,-1.4955,-0.427896996,agro
2,G09,16,8_10,DI73,TBSV_DI73,26.62,16.65,9.97,-0.424272818,agro
2,C11,3,3_23,DI73,TBSV,32.125,17.56,14.565,-0.389289392,agro
2,G06,40,8_10,DI73,TBSV_DI73,30.39,17.99,12.4,-0.388709677,agro
3,G03,34,8_10,DI73,TBSV_DI73,39.62,24.14,15.48,-0.377260982,agro
1,C11,11,8_1,DI72,TBSV_DI72,17.365,16.89,0.475,-0.368217054,agro
1,A06,4,8_1,DI73,TBSV_DI73,27.135,17.99,9.145,-0.350464735,agro
1,G06,14,8_10,DI73,TBSV_DI73,26.575,17.785,8.79,-0.348122867,agro
2,A08,32,8_1,DI72,TBSV,17.88,17.15,0.73,-0.320879121,agro
2,A07,10,3_23,DI72,TBSV,17.43,16.73,0.7,-0.313901345,agro
1,G09,16,8_1,DI73,TBSV_DI73,30.11,20.04,10.07,-0.253723932,agro
3,H06,40,8_10,DI73,TBSV_DI73,32.89,18.44,14.45,-0.247058824,agro
1,G04,18,4_9,DI73,TBSV_DI73,31.135,16.37,14.765,-0.2346766,agro
2,C08,17,4_9,DI73,TBSV,39.765,18.555,21.21,-0.234323432,agro
1,C11,27,4_9,DI73,TBSV,26.175,16.325,9.85,-0.230456853,agro
2,C09,48,8_1,DI73,TBSV,29.62,18.095,11.525,-0.223427332,agro
2,G07,21,3_23,DI73,TBSV_DI72,34.28,17.015,17.265,-0.221546481,agro
3,E08,35,8_10,DI72,TBSV_DI72,18.44,20.085,-1.645,-0.22006689,agro
2,C06,42,8_10,DI73,TBSV,41.115,17.175,23.94,-0.206558062,agro
3,C09,33,8_10,DI73,TBSV_DI73,100,21.71,78.29,-0.202707881,agro
2,C08,12,3_23,DI73,TBSV,36.78,17.195,19.585,-0.188664794,agro
2,C08,48,8_1,DI72,TBSV,17.23,16.75,0.48,-0.186407767,agro
1,A02,35,8_1,DI72,TBSV_DI73,9.97,11.01,-1.04,-0.183259912,agro
1,E09,17,8_10,DI73,TBSV_DI72,27.425,16.365,11.06,-0.180379747,agro
2,E06,49,8_10,DI73,TBSV_DI72,37.185,18.43,18.755,-0.1626233,agro
3,C08,31,8_1,DI72,TBSV,19.125,18.415,0.71,-0.153017241,agro
2,C06,36,8_1,DI73,TBSV,29.235,12.11,17.125,-0.150656934,agro
2,G03,20,8_1,DI73,TBSV_DI73,29.5,18.06,11.44,-0.126311189,agro
3,G07,7,3_23,DI73,TBSV_DI72,30.075,16.71,13.365,-0.124579125,agro
1,E12,10,8_1,DI73,TBSV_DI72,31.33,18.7,12.63,-0.109659541,agro
1,C12,11,8_1,DI73,TBSV_DI72,28.95,16.94,12.01,-0.107410491,agro
1,C05,26,8_1,DI72,TBSV,19.81,19.195,0.615,-0.100737101,agro
2,C12,52,8_10,DI73,TBSV_DI72,31.765,15.865,15.9,-0.098742138,agro
1,C03,18,8_1,DI73,TBSV,27.395,15.235,12.16,-0.097861842,agro
3,C12,1,8_10,DI73,TBSV_DI73,100,22.85,77.15,-0.089500972,agro
1,C11,31,3_23,DI73,TBSV,100,17.195,82.805,-0.088581607,agro
1,A12,3,8_10,DI73,TBSV_DI73,26.5,14.46,12.04,-0.083471761,agro
2,G09,37,8_1,DI73,TBSV_DI73,39,18.075,20.925,-0.082198327,agro
3,C09,31,8_1,DI73,TBSV,100,41.34,58.66,-0.079099898,agro
1,C08,15,3_23,DI73,TBSV,100,17.975,82.025,-0.075342883,agro
1,G10,31,4_9,DI73,TBSV_DI73,100,17.165,82.835,-0.067785356,agro
1,G03,23,4_9,DI73,TBSV_DI73,100,19.195,80.805,-0.066085019,agro
1,E12,2,4_9,DI73,TBSV,100,20.72,79.28,-0.06514884,agro
3,A12,46,8_10,DI73,TBSV,100,19.92,80.08,-0.062687313,agro
2,C03,24,8_1,DI73,TBSV_DI73,100,32.08,67.92,-0.060070671,agro
1,A08,12,4_9,DI73,TBSV,100,18.75,81.25,-0.058892308,agro
3,C12,3,8_1,DI73,TBSV_DI72,34.355,20.01,14.345,-0.057859881,agro
2,C03,53,8_10,DI73,TBSV,100,19.37,80.63,-0.050539501,agro
1,C08,20,4_9,DI73,TBSV,100,15.675,84.325,-0.047014527,agro
2,A11,2,3_23,DI73,TBSV,100,17.94,82.06,-0.044296856,agro
2,E09,44,8_10,DI73,TBSV_DI72,100,20.52,79.48,-0.043532964,agro
1,C12,12,8_10,DI73,TBSV_DI72,28.115,14.01,14.105,-0.041474654,agro
2,G03,14,4_9,DI73,TBSV_DI73,100,18.54,81.46,-0.04038792,agro
2,A12,46,8_1,DI73,TBSV,100,19.215,80.785,-0.035959646,agro
2,G02,20,8_1,DI72,TBSV_DI73,16.255,16.205,0.05,-0.034602076,agro
3,G05,11,4_9,DI73,TBSV,100,18.535,81.465,-0.030565273,agro
3,A09,12,8_1,DI73,TBSV,100,19.525,80.475,-0.029574402,agro
3,C08,20,3_23,DI73,TBSV,100,16.955,83.045,-0.029441869,agro
1,E03,7,4_9,DI73,TBSV_DI73,100,17.095,82.905,-0.029370967,agro
2,A08,25,4_9,DI73,TBSV,100,18.46,81.54,-0.029188129,agro
1,E06,54,8_10,DI73,TBSV_DI72,100,16.32,83.68,-0.029098948,agro
2,A09,32,8_1,DI73,TBSV,100,19.055,80.945,-0.028105504,agro
3,E06,49,8_1,DI73,TBSV_DI73,100,14.855,85.145,-0.02594985,agro
1,G03,41,8_10,DI73,TBSV_DI73,100,15.915,84.085,-0.018849973,agro
2,E03,22,4_9,DI73,TBSV_DI73,100,17.705,82.295,-0.018409381,agro
2,G04,30,4_9,DI73,TBSV_DI73,100,16.56,83.44,-0.017857143,agro
3,G09,2,8_1,DI73,TBSV_DI73,100,29.68,70.32,-0.016069397,agro
3,A08,16,3_23,DI73,TBSV,100,15.595,84.405,-0.013861738,agro
2,C11,29,4_9,DI73,TBSV,100,16.14,83.86,-0.009897448,agro
3,C10,15,4_9,DI73,TBSV_DI73,100,17.375,82.625,-0.005083207,agro
3,A03,32,4_9,DI73,TBSV_DI73,100,18.93,81.07,-0.003947206,agro
3,G04,19,3_23,DI73,TBSV_DI72,100,16.41,83.59,-0.003349683,agro
3,C06,21,8_1,DI73,TBSV,100,32.57,67.43,-0.002891888,agro
2,G10,3,4_9,DI73,TBSV_DI73,21.37,15.6,5.77,-0.001733102,agro
3,G03,50,8_1,DI73,TBSV_DI73,42.465,10.66,31.805,-0.000943248,agro
3,E06,42,8_1,DI73,TBSV_DI72,100,31.79,68.21,-0.000806333,agro
1,A06,na,8_1,DI73,neg_ctrl,100,100,0,0,agro
3,A05,na,8_1,DI72,neg_ctrl,100,100,0,0,agro
1,A03,na,4_9,DI73,pos_ctrl,12.92,12.92,0,0,agro
3,G06,29,8_10,DI73,TBSV_DI73,100,100,0,0,agro
3,A06,4,4_9,DI73,TBSV_DI73,100,15.96,84.04,0.001368396,agro
2,E09,38,8_1,DI73,TBSV_DI72,40.32,16.775,23.545,0.002123593,agro
3,E12,6,3_23,DI73,TBSV,100,15.59,84.41,0.004857244,agro
2,G10,33,3_23,DI73,TBSV_DI72,32.07,16.68,15.39,0.00877193,agro
1,A09,5,8_10,DI73,TBSV,100,12.965,87.035,0.008961912,agro
2,G07,21,4_9,DI73,TBSV_DI73,100,16.23,83.77,0.01145995,agro
2,E12,41,8_1,DI73,TBSV_DI72,35.74,17.255,18.485,0.012442521,agro
3,G03,4,3_23,DI73,TBSV_DI72,33.805,16.57,17.235,0.012764723,agro
2,G06,15,8_1,DI73,TBSV_DI73,24.365,15.755,8.61,0.015098722,agro
3,E12,45,8_1,DI73,TBSV_DI72,100,17.44,82.56,0.018834787,agro
1,E06,13,8_1,DI73,TBSV_DI72,33.41,17.215,16.195,0.01914171,agro
1,G10,9,3_23,DI73,TBSV_DI72,40.83,12.325,28.505,0.025083319,agro
3,A10,10,4_9,DI73,TBSV_DI73,100,17.59,82.41,0.025725033,agro
1,A10,33,4_9,DI72,TBSV,13.335,13.26,0.075,0.02617801,agro
1,E03,5,8_1,DI73,TBSV_DI72,30.195,17.68,12.515,0.029564523,agro
1,E02,28,3_23,DI72,TBSV_DI72,20.505,20.715,-0.21,0.032357473,agro
4,E06,30,8_1,DI73,rcvrd_leaf,100,14.125,85.875,0.033537118,agro
1,G07,26,4_9,DI73,TBSV_DI73,26.82,12.82,14,0.033928571,agro
3,E03,33,8_1,DI73,TBSV_DI72,100,19.055,80.945,0.034406078,agro
2,G09,33,3_23,DI72,TBSV_DI72,16.37,16.365,0.005,0.037037037,agro
2,E03,7,8_1,DI73,TBSV_DI72,30.07,17.11,12.96,0.03742284,agro
3,G10,17,3_23,DI73,TBSV_DI72,100,15.02,84.98,0.038597317,agro
3,E03,27,8_1,DI73,TBSV_DI73,34.505,19.985,14.52,0.042699725,agro
4,G06,18,8_1,DI73,rcvrd_leaf,100,13.54,86.46,0.047131622,agro
3,E09,22,8_1,DI73,TBSV_DI72,100,16.475,83.525,0.047650404,agro
3,G02,28,4_9,DI73,TBSV,100,13.695,86.305,0.052951741,agro
2,E12,8,4_9,DI73,TBSV,100,13.895,86.105,0.05324894,agro
2,A11,16,4_9,DI73,TBSV,100,15.41,84.59,0.054734602,agro
2,E03,11,3_23,DI73,TBSV_DI72,30.435,16.52,13.915,0.057491915,agro
1,A05,4,8_1,DI72,TBSV_DI73,16.14,16.335,-0.195,0.060842434,agro
3,C03,9,8_1,DI73,TBSV,100,15.1005,84.8995,0.064134653,agro
3,A12,40,8_1,DI73,TBSV,100,17.38,82.62,0.065056887,agro
3,G02,11,11_27,DI72,neg_plt,26.085,20.71,5.375,0.066194581,agro
2,E02,39,8_10,DI72,TBSV_DI72,16.015,16.415,-0.4,0.07497657,agro
1,C08,5,11_27,DI72,neg_plt,27.715,21.515,6.2,0.075513063,agro
1,A08,1,11_27,DI72,neg_plt,24.705,21.285,3.42,0.076033793,agro
2,E02,7,11_27,DI72,neg_plt,33.18,26.005,7.175,0.087676422,agro
3,E09,35,8_10,DI73,TBSV_DI72,100,17.1,82.9,0.090168878,agro
2,E08,9,11_27,DI72,neg_plt,30.56,23.14,7.42,0.093081603,agro
2,C12,17,8_1,DI73,TBSV_DI72,31.57,18.175,13.395,0.094811497,agro
1,E09,39,8_1,DI73,TBSV_DI72,32.085,12.1005,19.9845,0.095073682,agro
1,A08,30,3_23,DI73,TBSV,100,11.875,88.125,0.10258156,agro
2,A12,26,8_10,DI73,TBSV,38.78,10.695,28.085,0.105928432,agro
1,G03,25,3_23,DI73,TBSV_DI72,29.57,13.03,16.54,0.107920193,agro
2,E11,10,11_27,DI72,neg_plt,29.095,20.195,8.9,0.110148515,agro
1,A11,2,11_27,DI72,neg_plt,34.06,25.55,8.51,0.110218884,agro
2,E12,31,8_10,DI73,TBSV_DI72,100,12.83,87.17,0.113456464,agro
1,C02,3,11_27,DI72,neg_plt,35.12,26.265,8.855,0.114910459,agro
2,E05,8,11_27,DI72,neg_plt,30.55,21.065,9.485,0.115354211,agro
3,G06,na,unk,DI72,neg_plt,28.655,18.73,9.925,0.115959808,agro
3,G05,12,11_27,DI72,neg_plt,34.155,24.81,9.345,0.116907487,agro
2,C10,3,3_23,DI72,TBSV,17.1005,17.775,-0.6745,0.118959436,agro
3,G11,14,11_27,DI72,neg_plt,30.355,20.315,10.04,0.121387982,agro
1,C05,4,11_27,DI72,neg_plt,30.92,20.32,10.6,0.127980682,agro
3,G08,13,11_27,DI72,neg_plt,31.265,20.545,10.72,0.12986069,agro
4,E12,35,8_1,DI73,rcvrd_leaf,30.94,11.41,19.53,0.143113159,agro
3,E02,27,8_1,DI72,TBSV_DI73,16.76,16.665,0.095,0.153225806,agro
3,E02,36,8_10,DI72,TBSV_DI72,33.095,19.695,13.4,0.161445783,agro
4,E09,38,8_1,DI73,rcvrd_leaf,33.65,8.72,24.93,0.161652627,agro
2,C12,6,11_27,DI73,neg_plt,100,20.605,79.395,0.168083632,agro
1,E03,47,8_10,DI73,TBSV_DI72,31.035,14.92,16.115,0.168166305,agro
2,G11,37,8_10,DI72,neg_plt,29.61,14.88,14.73,0.168960771,agro
3,H11,37,8_10,DI72,neg_plt,30.06,15.21,14.85,0.170181068,agro
3,G05,29,8_1,DI72,TBSV_DI73,17.23,17.625,-0.395,0.174778761,agro
1,A11,33,4_9,DI73,TBSV,29.08,13.195,15.885,0.180358829,agro
3,C11,21,8_10,DI72,TBSV_DI72,32.53,17.095,15.435,0.189189189,agro
3,E05,19,3_23,DI72,TBSV_DI72,16.58,16.64,-0.06,0.214285714,agro
1,E08,17,8_10,DI72,TBSV_DI72,17.565,18,-0.435,0.218045113,agro
1,C05,50,8_10,DI72,TBSV,13.605,12.41,1.195,0.218664227,agro
3,G11,4,8_10,DI72,neg_plt,33.04,14.3,18.74,0.22301559,agro
2,C02,53,8_10,DI72,TBSV,29.47,30.38,-0.91,0.223312883,agro
1,A11,14,8_1,DI72,TBSV,16.005,17.055,-1.05,0.235690236,agro
4,G03,5,8_1,DI73,rcvrd_leaf,30.505,8.395,22.11,0.242424242,agro
3,C08,6,4_9,DI72,TBSV_DI73,19.365,20.935,-1.57,0.246467818,agro
2,G02,na,1_3,DI72,neg_plt,30.36,18.08,12.28,0.250152781,agro
1,A08,38,8_10,DI72,TBSV_DI73,17.205,19.01,-1.805,0.250868659,agro
4,G02,5,8_1,DI72,rcvrd_leaf,12.835,11.325,1.51,0.281716418,agro
2,E11,31,8_10,DI72,TBSV_DI72,16.78,13.99,2.79,0.282103134,agro
1,C06,50,8_10,DI73,TBSV,29.365,11.065,18.3,0.29863388,agro
4,G05,18,8_1,DI72,rcvrd_leaf,14.72,13.495,1.225,0.300613497,agro
3,A05,na,3_23,DI72,neg_ctrl,33.24,13.48666667,19.75333333,0.321401453,agro
2,C02,19,8_1,DI72,TBSV,16.23,14.97,1.26,0.333333333,agro
3,A11,40,8_1,DI72,TBSV,18.135,16.305,1.83,0.340465116,agro
1,A03,35,8_1,DI73,TBSV_DI73,24.11,8.26,15.85,0.358044164,agro
1,A09,8,8_1,DI73,TBSV_DI73,25.59333333,36.46,-10.86666667,0.366871166,agro
1,G08,16,8_1,DI72,TBSV_DI73,17.865,18.91,-1.045,0.409001957,agro
1,A02,na,3_23,DI72,pos_ctrl,27.71333333,23.70333333,4.01,0.418289291,agro
1,A08,8,8_1,DI72,TBSV_DI73,15.50333333,17.17666667,-1.673333333,0.419732441,agro
2,C05,42,8_10,DI72,TBSV,27.73,29.87,-2.14,0.432760364,agro
2,E02,7,8_1,DI72,TBSV_DI72,15.84,15.63,0.21,0.432989691,agro
1,E11,27,8_10,DI72,TBSV_DI72,17.64,12.835,4.805,0.434056007,agro
2,A03,na,8_10,DI73,pos_ctrl,12.46,22.96,-10.5,0.459786892,agro
2,C05,34,8_1,DI72,TBSV_DI73,15.155,17.305,-2.15,0.470459519,agro
3,G04,13,1_3,DI72,neg_plt,24.1,20.2,3.9,0.493358634,agro
3,G02,4,3_23,DI72,TBSV_DI72,15.925,15.815,0.11,0.5,agro
3,A03,na,8_10,DI73,pos_ctrl,12.055,23.95,-11.895,0.500420698,agro
1,A09,1,11_27,DI73,neg_plt,100,17.5,82.5,0.545212121,agro
1,A07,30,3_23,DI72,TBSV,18.15,13.155,4.995,0.552544248,agro
3,A03,na,8_1,DI73,pos_ctrl,12.605,19.605,-7,0.558213716,agro
1,E02,47,8_10,DI72,TBSV_DI72,17.9,16.35,1.55,0.57195572,agro
2,E05,24,3_23,DI72,TBSV_DI72,14.77,16.19,-1.42,0.58677686,agro
1,E11,10,8_1,DI72,TBSV_DI72,17.515,18.335,-0.82,0.592057762,agro
3,A11,46,8_10,DI72,TBSV,30.325,33.31,-2.985,0.594621514,agro
1,G02,25,3_23,DI72,TBSV_DI72,15.025,13.93,1.095,0.613445378,agro
4,E08,38,8_1,DI72,rcvrd_leaf,14.69,12.19,2.5,0.620347395,agro
1,C10,27,4_9,DI72,TBSV,15.5,16.92,-1.42,0.625550661,agro
2,C11,6,11_27,DI72,neg_plt,33.395,24.855,8.54,0.639940052,agro
1,A02,na,4_9,DI72,pos_ctrl,29.005,22.205,6.8,0.645773979,agro
3,G02,10,1_3,DI72,neg_plt,23.895,17.97,5.925,0.649315068,agro
2,G05,40,8_10,DI72,TBSV_DI73,16.97,20.1,-3.13,0.649377593,agro
2,C05,36,8_1,DI72,TBSV,15.485,17.165,-1.68,0.651162791,agro
1,G02,na,unk,DI72,neg_plt,26.23,17.99,8.24,0.652156708,agro
3,E11,45,8_1,DI72,TBSV_DI72,18.71,17.665,1.045,0.672025723,agro
2,A10,16,4_9,DI72,TBSV,17.41,14.23,3.18,0.686825054,agro
1,G04,na,unk,DI72,neg_plt,24.21,16.445,7.765,0.688997338,agro
1,G12,30,8_10,DI73,neg_plt,39.82,11.595,28.225,0.71833481,agro
3,G08,2,8_1,DI72,TBSV_DI73,16.85,17.68,-0.83,0.734513274,agro
1,G06,na,unk,DI72,neg_plt,25.285,15.85,9.435,0.746735259,agro
4,E05,30,8_1,DI72,rcvrd_leaf,18.15,15.98,2.17,0.753472222,agro
3,E02,4,8_10,DI72,neg_plt,33.395,18.14,15.255,0.754824344,agro
1,G11,30,8_10,DI72,neg_plt,28.82,13.33,15.49,0.763995068,agro
3,G11,na,8_1,DI72,neg_plt,30.165,13.14,17.025,0.772459165,agro
1,G04,na,1_3,DI72,neg_plt,28.245,12.675,15.57,0.784185344,agro
2,A02,na,3_23,DI72,pos_ctrl,27.39666667,20.68666667,6.71,0.787250684,agro
3,A02,na,3_23,DI72,pos_ctrl,31.07333333,23.30666667,7.766666667,0.817257103,agro
1,A03,na,3_23,DI73,pos_ctrl,30.94333333,22.94666667,7.996666667,0.834144645,agro
2,C12,8,4_9,DI72,TBSV,17.005,13.115,3.89,0.848418757,agro
3,C02,9,8_1,DI72,TBSV,18.31,13.64,4.67,0.857667585,agro
4,E11,35,8_1,DI72,rcvrd_leaf,14.62,12.21,2.41,0.862254025,agro
2,A06,na,8_10,DI73,neg_ctrl,100,36.2925,63.7075,0.86792003,agro
3,E05,15,8_10,DI72,TBSV_DI72,18.27,22.91,-4.64,0.882129278,agro
3,A03,na,3_23,DI73,pos_ctrl,31.63,23.08333333,8.546666667,0.899333567,agro
3,E02,33,8_1,DI72,TBSV_DI72,17.33,14.735,2.595,0.931777379,agro
3,A06,na,8_1,DI73,neg_ctrl,100,30.3,69.7,0.94081123,agro
1,A03,na,8_1,DI73,pos_ctrl,12.99,29.1,-16.11,0.943484627,agro
3,A06,na,8_10,DI73,neg_ctrl,100,34.26,65.74,0.94698934,agro
1,A06,na,8_10,DI73,neg_ctrl,100,30.105,69.895,0.952215524,agro
2,A02,na,8_1,DI72,pos_ctrl,10.495,23.275,-12.78,0.953375606,agro
3,C12,21,8_10,DI73,TBSV_DI72,100,16.03,83.97,0.971596999,agro
1,C03,3,11_27,DI73,neg_plt,100,21.275,78.725,0.978850429,agro
3,G03,11,11_27,DI73,neg_plt,100,18.29,81.71,0.993758414,agro
1,A12,2,11_27,DI73,neg_plt,100,22.325,77.675,0.994013518,agro
3,G09,13,11_27,DI73,neg_plt,100,17.845,82.155,0.995215021,agro
1,C09,5,11_27,DI73,neg_plt,100,17.715,82.285,0.997812481,agro
2,E12,10,11_27,DI73,neg_plt,100,19.045,80.955,0.998085356,agro
3,G12,14,11_27,DI73,neg_plt,100,17.255,82.745,0.999577014,agro
1,G11,na,8_1,DI72,neg_plt,31.12,31.12,0,1,agro
1,G12,na,8_1,DI73,neg_plt,100,15.04,84.96,1,agro
2,G08,16,8_10,DI72,TBSV_DI73,15.71,19.94,-4.23,1,agro
3,E03,36,8_10,DI73,TBSV_DI72,100,17.695,82.305,1.008444201,agro
3,H12,37,8_10,DI73,neg_plt,100,13.73,86.27,1.0114756,agro
2,E03,7,11_27,DI73,neg_plt,100,19.11,80.89,1.011682532,agro
2,G12,37,8_10,DI73,neg_plt,100,13.84,86.16,1.01183844,agro
1,C06,4,11_27,DI73,neg_plt,100,18.285,81.715,1.013583797,agro
2,E09,9,11_27,DI73,neg_plt,100,21.44,78.56,1.014702138,agro
3,G12,4,8_10,DI73,neg_plt,100,14.55,85.45,1.016898727,agro
3,G06,12,11_27,DI73,neg_plt,100,21.965,78.035,1.024348049,agro
1,G06,na,1_3,DI72,neg_plt,25.265,13.315,11.95,1.045037167,agro
2,E05,23,8_1,DI72,TBSV_DI72,16.24,14.06,2.18,1.055690073,agro
2,A03,na,3_23,DI73,pos_ctrl,31.55333333,22.51666667,9.036666667,1.060226828,agro
3,H08,16,8_10,DI72,TBSV_DI73,15.62,20.11,-4.49,1.063981043,agro
3,G09,17,3_23,DI72,TBSV_DI72,17.05,13.485,3.565,1.086890244,agro
1,A03,na,8_10,DI73,pos_ctrl,12.79,27.23,-14.44,1.100190476,agro
1,G02,na,1_3,DI72,neg_plt,37.715,13.01,24.705,1.147202229,agro
1,E02,5,8_1,DI72,TBSV_DI72,16.11,15.67,0.44,1.189189189,agro
3,G06,7,3_23,DI72,TBSV_DI72,16.015,18.03,-2.015,1.21021021,agro
1,A02,na,8_1,DI72,pos_ctrl,12.83,34.33,-21.5,1.259150805,agro
2,A03,na,8_1,DI73,pos_ctrl,12.665,29.71,-17.045,1.27154047,agro
3,E08,22,8_1,DI72,TBSV_DI72,18.775,13.615,5.16,1.296482412,agro
3,H05,40,8_10,DI72,TBSV_DI73,16.46,21.16,-4.7,1.316526611,agro
2,A02,na,4_9,DI72,pos_ctrl,34.34666667,20.57666667,13.77,1.342541436,agro
2,A03,na,4_9,DI73,pos_ctrl,34.34666667,20.34666667,14,1.364965875,agro
2,A02,na,8_10,DI72,pos_ctrl,11.05,42.65666667,-31.60666667,1.384031528,agro
3,E02,18,3_23,DI72,TBSV_DI72,16.615,13.055,3.56,1.47107438,agro
1,E08,39,8_1,DI72,TBSV_DI72,14.675,11.815,2.86,1.505263158,agro
2,A05,na,4_9,DI73,neg_ctrl,33.55333333,11.69333333,21.86,1.52547104,agro
2,G11,na,8_1,DI72,neg_plt,42.005,10.1,31.905,1.579846497,agro
3,A02,na,8_1,DI72,pos_ctrl,10.21,30.91,-20.7,1.650717703,agro
3,A11,10,4_9,DI72,TBSV_DI73,20.005,16.095,3.91,1.844339623,agro
3,A09,6,4_9,DI73,TBSV_DI73,29.985,33.43,-3.445,1.849056604,agro
2,E06,8,11_27,DI73,neg_plt,100,58.795,41.205,1.995510254,agro
1,G02,30,8_1,DI72,TBSV_DI73,16.33,23.16333333,-6.833333333,2.041832669,agro
1,A05,na,3_23,DI72,neg_ctrl,28.54,12.055,16.485,2.042750929,agro
1,A02,na,8_10,DI72,pos_ctrl,14.705,41.565,-26.86,2.04647619,agro
3,C06,23,8_10,DI73,TBSV,31.655,35.44,-3.785,2.184940555,agro
3,G03,28,4_9,DI72,TBSV,23.095,12.69,10.405,2.276805252,agro
1,G06,26,4_9,DI72,TBSV_DI73,14.71,13.375,1.335,2.810526316,agro
3,G05,29,8_10,DI72,TBSV_DI73,27.22,40.1,-12.88,2.830769231,agro
2,C11,52,8_10,DI72,TBSV_DI72,16.33,21.535,-5.205,3.315286624,agro
2,G08,37,8_1,DI72,TBSV_DI73,19.1005,25.17,-6.0695,3.52877907,agro
3,A02,na,8_10,DI72,pos_ctrl,10.735,100,-89.265,3.755363904,agro
3,G12,na,8_1,DI73,neg_plt,100,11.775,88.225,4.002949183,agro
1,D02,na,unk,DI72,neg_plt,79.29333333,15.67,63.62333333,4.050721561,agro
3,E03,4,8_10,DI73,neg_plt,100,17.215,82.785,4.096239485,agro
2,G12,na,8_1,DI73,neg_plt,100,11.3,88.7,4.392176281,agro
2,G06,21,4_9,DI72,TBSV_DI73,19.185,14.84,4.345,4.526041667,agro
3,C05,21,8_1,DI72,TBSV,16.325,17.29,-0.965,4.948717949,agro
3,F08,na,4_9,DI73,neg_ctrl,36.25333333,15.30666667,20.94666667,5.352640546,agro
3,D12,na,unk,DI73,neg_plt,100,26.51666667,73.48333333,5.982360924,agro
2,C03,19,8_1,DI73,TBSV,40.68,16.56,24.12,6.380952381,agro
2,D06,na,unk,DI72,neg_plt,58.80333333,15.15,43.65333333,6.842215255,agro
3,D10,na,unk,DI72,neg_plt,100,15.77,84.23,6.857259161,agro
2,A05,na,3_23,DI72,neg_ctrl,32.92,12.27666667,20.64333333,6.927293064,agro
1,D04,na,unk,DI73,neg_plt,100,20.66,79.34,7.039929015,agro
3,C02,32,8_10,DI72,TBSV,29.495,100,-70.505,7.773428886,agro
1,E12,27,8_10,DI73,TBSV_DI72,100,10.9,89.1,8.048780488,agro
3,C05,23,8_10,DI72,TBSV,16.74,100,-83.26,10.06771463,agro
2,E11,41,8_1,DI72,TBSV_DI72,16.1,13.705,2.395,10.41304348,agro
3,E03,18,3_23,DI73,TBSV_DI72,40.855,13.725,27.13,11.2107438,agro
3,C08,13,8_10,DI72,TBSV,16.64,100,-83.36,11.74084507,agro
2,D08,na,unk,DI73,neg_plt,100,23.7,76.3,11.95924765,agro
3,A12,na,unk,DI73,neg_plt,100,24.25,75.75,12.69907795,agro
1,G09,9,3_23,DI72,TBSV_DI72,23.72,13.955,9.765,13.65734266,agro
3,A11,na,unk,DI72,neg_plt,100,16.12,83.88,14.0620285,agro
3,G02,34,8_10,DI72,TBSV_DI73,17.75,100,-82.25,14.08390411,agro
1,A05,na,4_9,DI73,neg_ctrl,30.1005,12.755,17.3455,17.43266332,agro
3,E12,18,8_10,DI73,TBSV_DI72,100,17.675,82.325,23.55507868,agro
2,G05,15,8_1,DI72,TBSV_DI73,18.79,15.53,3.26,25.07692308,agro
2,A08,10,8_10,DI72,TBSV,15.38,100,-84.62,29.17931034,agro
3,C12,6,3_23,DI72,TBSV,30.925,16.21,14.715,35.8902439,agro
2,E06,23,8_1,DI73,TBSV_DI72,100,15.51,84.49,40.91525424,agro
2,E08,38,8_1,DI72,TBSV_DI72,17.34,14.585,2.755,55.1,agro
1,A11,51,8_10,DI72,TBSV,100,13.88,86.12,93.60869565,agro
1,A12,51,8_10,DI73,TBSV,100,11.595,88.405,96.0923913,agro
1,A08,5,8_10,DI72,TBSV,100,15.605,84.395,108.1987179,agro
3,A07,4,4_9,DI72,TBSV_DI73,30.355,15.33,15.025,130.6521739,agro
